<?xml version="1.0" encoding="UTF-8" standalone="yes"?>
<addon id="plugin.video.xsopcast"
       name="X-Sopcast"
       version="0.2.20"
       provider-name="Cristi - Atlanta">
  <requires>
    <import addon="xbmc.python" version="2.1.0"/>
	<import addon="script.module.parsedom" version="0.9.1"/>
  </requires>
  <extension point="xbmc.python.pluginsource"
            library="default.py">
        <provides>video</provides>
  </extension>
  <extension point="xbmc.addon.metadata">
    <summary>Watch Sports, Videos and Highlights.</summary>
    <description>SopCast is a simple, free way to broadcast video and audio or watch the video and listen to radio on the Internet. Adopting P2P(Peer-to-Peer) technology, It is very efficient and easy to use.
SoP is the abbreviation for Streaming over P2P. Sopcast is a Streaming Direct Broadcasting System based on P2P. The core is the communication protocol produced by Sopcast Team, which is named sop://, or SoP technology. </description>
    <platform>all</platform>
  </extension>
</addon>
