<channels info_time="Thu, 05 Apr 2007 09:19:03 GMT" version="Sat, 31 Mar 2012 20:50:05.3691 GMT">
<group cn="体育类" description="Description:Sport Channels" en="Sports" id="2" type="1">Sports

	<channel btype="0" id="122839" language="ro" type="0">
		<name cn="" en="Digi Sport 1 HD">Digi Sport 1 HD</name>
		<status>2</status>
<region cn="德国" en="Romania">RO</region>
<class cn="体育类" en="Sports">2</class>
<user_count>1</user_count>
<sn>4146</sn>
<visit_count>1</visit_count>
<start_from>Mon, 27 Feb 2012 23:52:53 GMT</start_from>
<stream_type>wmv</stream_type><kbps>770</kbps><qs>97</qs><qc>96</qc><schedule><sch_domain>port.ro</sch_domain><file_name>digi_sport_1</file_name><sch_channel_id>10198</sch_channel_id><sch_list_expire>6</sch_list_expire><sch_timezone>Europe/Bucharest</sch_timezone></schedule>
<description cn="" /><thumbnail>http://www.lyngsat-logo.com/hires/dd/digi_sport1_ro.png</thumbnail>
<sop_address><item>sop://broker.sopcast.com:3912/122839</item></sop_address>
	</channel>

	<channel btype="0" id="120705" language="ro" type="0">
		<name cn="" en="">Digi Sport 1</name>
		<status>2</status>
<region cn="" en="Romania">RO</region>
<class cn="体育类" en="Sports">2</class>
<user_count>1</user_count>
<sn>4146</sn>
<visit_count>1</visit_count>
<start_from>Mon, 27 Feb 2012 23:52:53 GMT</start_from>
<stream_type>wmv</stream_type><kbps>1514</kbps><qs>97</qs><qc>96</qc><schedule><sch_domain>port.ro</sch_domain><file_name>digi_sport_1</file_name><sch_channel_id>10198</sch_channel_id><sch_list_expire>5</sch_list_expire><sch_timezone>Europe/Bucharest</sch_timezone></schedule>
<description cn="" /><thumbnail>http://www.lyngsat-logo.com/hires/dd/digi_sport1_ro.png</thumbnail>
<sop_address><item>sop://broker.sopcast.com:3912/120705</item></sop_address>
	</channel>
		<channel btype="0" id="136855" language="ro" type="0">
		<name cn="" en="">Digi Sport 1 HD</name>
		<status>2</status>
<region cn="" en="Romania">RO</region>
<class cn="体育类" en="Sports">2</class>
<user_count>1</user_count>
<sn>4146</sn>
<visit_count>1</visit_count>
<start_from>Mon, 27 Feb 2012 23:52:53 GMT</start_from>
<stream_type>mpeg-ts</stream_type><kbps>590</kbps><qs>97</qs><qc>96</qc><schedule><sch_domain>port.ro</sch_domain><file_name>digi_sport_1</file_name><sch_channel_id>10198</sch_channel_id><sch_list_expire>5</sch_list_expire><sch_timezone>Europe/Bucharest</sch_timezone></schedule>
<description cn="" /><thumbnail>http://www.lyngsat-logo.com/hires/dd/digi_sport1_ro.png</thumbnail>
<sop_address><item>sop://broker.sopcast.com:3912/136855</item></sop_address>
	</channel>
	
	<channel btype="0" id="133668" language="ro" type="0">
		<name cn="" en="">Sport Multicast HD</name>
		<status>2</status>
<region cn="" en="Romania">RO</region>
<class cn="体育类" en="Sports">2</class>
<user_count>1</user_count>
<sn>4146</sn>
<visit_count>1</visit_count>
<start_from>Mon, 27 Feb 2012 23:52:53 GMT</start_from>
<stream_type>wmv</stream_type><kbps>2000</kbps><qs>97</qs><qc>96</qc><schedule><sch_domain>port.ro</sch_domain><file_name /><sch_channel_id /><sch_list_expire>5</sch_list_expire><sch_timezone>Europe/Bucharest</sch_timezone></schedule>
<description cn="" />
<sop_address><item>sop://broker.sopcast.com:3912/133668</item></sop_address>
	</channel>



	<channel btype="0" id="122840" language="ro" type="0">
		<name cn="" en="Digi Sport 2">Digi Sport 2</name>
		<status>2</status>
<region cn="罗马尼亚" en="Romania">RO</region>
<class cn="体育类" en="Sports">2</class>
<user_count>1</user_count>
<sn>4146</sn>
<visit_count>1</visit_count>
<start_from>Mon, 27 Feb 2012 23:52:53 GMT</start_from>
<stream_type /><kbps>1870</kbps><qs>97</qs><qc>96</qc><schedule><sch_domain>port.ro</sch_domain><file_name>digi_sport_2</file_name><sch_channel_id>10199</sch_channel_id><sch_list_expire>6</sch_list_expire><sch_timezone>Europe/Bucharest</sch_timezone></schedule>
<description cn="" /><thumbnail>http://www.lyngsat-logo.com/hires/dd/digi_sport2_ro.png</thumbnail>
<sop_address><item>sop://broker.sopcast.com:3912/122840</item></sop_address>
	</channel>

	<channel btype="0" id="122841" language="ro" type="0">
		<name cn="" en="Digi Sport 3">Digi Sport 3</name>
		<status>2</status>
<region cn="罗马尼亚" en="Romania">RO</region>
<class cn="体育类" en="Sports">2</class>
<user_count>1</user_count>
<sn>4146</sn>
<visit_count>1</visit_count>
<start_from>Mon, 27 Feb 2012 23:52:53 GMT</start_from>
<stream_type>wmv</stream_type><kbps>1011</kbps><qs>97</qs><qc>96</qc><schedule><sch_domain>port.ro</sch_domain><file_name>digi_sport_3</file_name><sch_channel_id>10240</sch_channel_id><sch_list_expire>6</sch_list_expire><sch_timezone>Europe/Bucharest</sch_timezone></schedule>
<description cn="" /><thumbnail>http://www.lyngsat-logo.com/hires/dd/digi_sport3_ro.png</thumbnail>
<sop_address><item>sop://broker.sopcast.com:3912/122841</item></sop_address>
	</channel>


	<channel btype="0" id="80562" language="ro" type="0">
		<name cn="" en="SPORT RO">SPORT RO</name>
		<status>2</status>
<region cn="罗马尼亚" en="Romania">RO</region>
<class cn="体育类" en="Sports">2</class>
<user_count>1</user_count>
<sn>4146</sn>
<visit_count>1</visit_count>
<start_from>Mon, 27 Feb 2012 23:52:53 GMT</start_from>
<stream_type>mpeg-ts</stream_type><kbps>1260</kbps><qs>97</qs><qc>96</qc>
<schedule><sch_domain>port.ro</sch_domain><file_name>sport.ro</file_name><sch_channel_id>10032</sch_channel_id><sch_list_expire>6</sch_list_expire><sch_timezone>Europe/Bucharest</sch_timezone></schedule>
<description cn="" /><thumbnail>http://2.bp.blogspot.com/-Yl8-0JOa63o/TbbAhDsRBGI/AAAAAAAACIE/YUHtISuQ8Qw/s1600/sport.ro.png</thumbnail>
<sop_address><item>sop://broker.sopcast.com:3912/80562</item></sop_address>
	</channel>
	
	<channel btype="0" id="137227" language="" type="0"><name cn="" en="EuroSport">EuroSport</name><status>2</status><region cn="" en="Romania">RO</region><class cn="" en="Sports">2</class><user_count>1</user_count><sn /><visit_count>1</visit_count><start_from /><stream_type>mpeg-ts</stream_type><kbps /><qs>90</qs><qc>90</qc><schedule><sch_domain>port.ro</sch_domain><file_name>eurosport</file_name><sch_channel_id>10028</sch_channel_id><sch_list_expire>6</sch_list_expire><sch_timezone>Europe/Bucharest</sch_timezone></schedule><description /><thumbnail>http://www.lyngsat-logo.com/hires/ee/eurosport.png</thumbnail><sop_address><item>sop://broker.sopcast.com:3912/137227</item></sop_address></channel>
	<channel btype="0" id="122846" language="ro" type="0"><name cn="" en="GSP TV">GSP TV</name><status>2</status><region cn="罗马尼亚" en="Romania">RO</region><class cn="体育类" en="Sports">2</class><user_count>2</user_count><sn>4129</sn><visit_count>1</visit_count><start_from>Wed 26 Dec 2012 09:18:06 GMT</start_from><stream_type>wmv</stream_type><kbps /><qs>90</qs><qc>90</qc><schedule><sch_domain>port.ro</sch_domain><file_name>gsp_tv</file_name><sch_channel_id>10155</sch_channel_id><sch_list_expire>6</sch_list_expire><sch_timezone>Europe/Bucharest</sch_timezone></schedule><description /><thumbnail>http://www.lyngsat-logo.com/hires/gg/gsp_tv.png</thumbnail><sop_address><item>sop://95.211.111.66:3912/122846</item></sop_address></channel>
	<channel btype="0" id="137285" language="ro" type="0"><name cn="" en="EuroSport 2">EuroSport 2</name><status>2</status><region cn="罗马尼亚" en="Romania">RO</region><class cn="体育类" en="Sports">2</class><user_count>1</user_count><sn /><visit_count>1</visit_count><start_from>Wed 26 Dec 2012 15:09:38 GMT</start_from><stream_type>mpeg-ts</stream_type><kbps>1060</kbps><qs>90</qs><qc>90</qc><schedule><sch_domain>port.ro</sch_domain><file_name>eurosport_2</file_name><sch_channel_id>10065</sch_channel_id><sch_list_expire>6</sch_list_expire><sch_timezone>Europe/Bucharest</sch_timezone></schedule><description /><thumbnail>http://www.lyngsat-logo.com/hires/ee/eurosport2.png</thumbnail><sop_address><item>sop://broker.sopcast.com:3912/137285</item></sop_address></channel>
	<channel btype="0" id="122844" language="ro" type="0"><name cn="" en="Dolce Sport">Dolce Sport</name><status>2</status><region cn="罗马尼亚" en="Romania">RO</region><class cn="体育类" en="Sports">2</class><user_count>1</user_count><sn /><visit_count>1</visit_count><start_from>Wed 26 Dec 2012 15:15:09 GMT</start_from><stream_type>wmv</stream_type><kbps /><qs>90</qs><qc>90</qc><schedule><sch_domain>port.ro</sch_domain><file_name>dolce_sport</file_name><sch_channel_id>10212</sch_channel_id><sch_list_expire>6</sch_list_expire><sch_timezone>Europe/Bucharest</sch_timezone></schedule><description /><thumbnail>http://www.lyngsat-logo.com/hires/dd/dolce_sport.png</thumbnail><sop_address><item>sop://broker.sopcast.com:3912/122844</item></sop_address></channel>
	<channel btype="0" id="93440" language="" type="0"><name cn="" en="Fox Soccer">Fox Soccer</name><status>2</status><region cn="" en="" /><class cn="体育类" en="Sports">2</class><user_count>1</user_count><sn /><visit_count>1</visit_count><start_from>Sun 30 Dec 2012 01:29:20 GMT</start_from><stream_type>wmv</stream_type><kbps /><qs>90</qs><qc>90</qc><schedule><sch_domain /><file_name /><sch_channel_id /><sch_list_expire /><sch_timezone /></schedule><description /><thumbnail /><sop_address><item>sop://broker.sopcast.com:3912/93440</item></sop_address></channel></group>

<group cn="纪实类" description="Description:Documentary Channels" en="Documentary" id="13" type="1">Documentary
	<channel btype="0" id="80397" language="ro" type="0">
		<name cn="" en="">National Geographic</name>
		<status>2</status>
<region cn="" en="Romania">RO</region>
<class cn="" en="Documentary">13</class>
<user_count>1</user_count>
<sn>4146</sn>
<visit_count>1</visit_count>
<start_from>Mon, 27 Feb 2012 23:52:53 GMT</start_from>
<stream_type>mpeg-ts</stream_type><kbps /><qs>97</qs><qc>96</qc>
<schedule><sch_domain>port.ro</sch_domain><file_name>national_geographic</file_name><sch_channel_id>10024</sch_channel_id><sch_list_expire>5</sch_list_expire><sch_timezone>Europe/Bucharest</sch_timezone></schedule>
<description cn="" /><thumbnail>http://www.lyngsat-logo.com/hires/nn/nat_geo_ro.png</thumbnail>
<sop_address><item>sop://broker.sopcast.com:3912/80397</item></sop_address>
	</channel>

	<channel btype="0" id="80626" language="ro" type="0">
		<name cn="" en="">National Geographic Wild</name>
		<status>2</status>
<region cn="" en="Romania">RO</region>
<class cn="" en="Documentary">13</class>
<user_count>1</user_count>
<sn>4146</sn>
<visit_count>1</visit_count>
<start_from>Mon, 27 Feb 2012 23:52:53 GMT</start_from>
<stream_type>mpeg-ts</stream_type><kbps /><qs>97</qs><qc>96</qc>
<schedule><sch_domain>port.ro</sch_domain><file_name>nat_geo_wild</file_name><sch_channel_id>10136</sch_channel_id><sch_list_expire>5</sch_list_expire><sch_timezone>Europe/Bucharest</sch_timezone></schedule>
<description cn="" /><thumbnail>http://www.lyngsat-logo.com/hires/nn/nat_geo_wild_emea.png</thumbnail>
<sop_address><item>sop://broker.sopcast.com:3912/80626</item></sop_address>
	</channel>

	<channel btype="0" id="135032" language="ro" type="0">
		<name cn="" en="">Investigation Discovery</name>
		<status>2</status>
<region cn="" en="Romania">RO</region>
<class cn="" en="Documentary">13</class>
<user_count>1</user_count>
<sn>4146</sn>
<visit_count>1</visit_count>
<start_from>Mon, 27 Feb 2012 23:52:53 GMT</start_from>
<stream_type>mpeg-ts</stream_type><kbps /><qs>97</qs><qc>96</qc>
<schedule><sch_domain>port.ro</sch_domain><file_name>investigation_discovery</file_name><sch_channel_id>10189</sch_channel_id><sch_list_expire>5</sch_list_expire><sch_timezone>Europe/Bucharest</sch_timezone></schedule>
<description cn="" /><thumbnail>http://www.lyngsat-logo.com/hires/ii/investigation_discovery_europe.png</thumbnail>
<sop_address><item>sop://broker.sopcast.com:3912/135032</item></sop_address>
	</channel>

	<channel btype="0" id="74633" language="ro" type="0">
		<name cn="" en="">Digi World</name>
		<status>2</status>
<region cn="" en="Romania">RO</region>
<class cn="" en="Documentary">13</class>
<user_count>1</user_count>
<sn>4146</sn>
<visit_count>1</visit_count>
<start_from>Mon, 27 Feb 2012 23:52:53 GMT</start_from>
<stream_type>mpeg-ts</stream_type><kbps /><qs>97</qs><qc>96</qc>
<schedule><sch_domain>port.ro</sch_domain><file_name>digi_world</file_name><sch_channel_id>10261</sch_channel_id><sch_list_expire>5</sch_list_expire><sch_timezone>Europe/Bucharest</sch_timezone></schedule>
<description cn="" /><thumbnail>http://www.lyngsat-logo.com/hires/dd/digi_world_ro.png</thumbnail>
<sop_address><item>sop://broker.sopcast.com:3912/74633</item></sop_address>
	</channel>
		<channel btype="0" id="80623" language="" type="0"><name cn="" en="History">History</name><status>2</status><region cn="" en="Romania">RO</region><class cn="" en="Documentary">13</class><user_count>1</user_count><sn>4146</sn><visit_count>1</visit_count><start_from /><stream_type>mpeg-ts</stream_type><kbps /><qs>90</qs><qc>90</qc><schedule><sch_domain>port.ro</sch_domain><file_name>history</file_name><sch_channel_id>10168</sch_channel_id><sch_list_expire>6</sch_list_expire><sch_timezone>Europe/Bucharest</sch_timezone></schedule><description /><thumbnail>http://www.lyngsat-logo.com/hires/hh/history.png</thumbnail><sop_address><item>sop://broker.sopcast.com:3912/80623</item></sop_address></channel><channel btype="0" id="122848" language="ro" type="0"><name cn="" en="Discovery Channel">Discovery Channel</name><status>2</status><region cn="罗马尼亚" en="Romania">RO</region><class cn="纪实类" en="Documentary">13</class><user_count>1</user_count><sn /><visit_count>1</visit_count><start_from>Wed 26 Dec 2012 14:58:28 GMT</start_from><stream_type>wmv</stream_type><kbps /><qs>90</qs><qc>90</qc><schedule><sch_domain>port.ro</sch_domain><file_name>discovery_channel</file_name><sch_channel_id>10020</sch_channel_id><sch_list_expire>6</sch_list_expire><sch_timezone>Europe/Bucharest</sch_timezone></schedule><description /><thumbnail>http://www.lyngsat-logo.com/hires/dd/discovery_ro.png</thumbnail><sop_address><item>sop://broker.sopcast.com:3912/122848</item></sop_address></channel>
		<channel btype="0" id="122855" language="ro" type="0"><name cn="" en="Animal Planet">Animal Planet</name><status>2</status><region cn="罗马尼亚" en="Romania">RO</region><class cn="纪实类" en="Documentary">13</class><user_count>1</user_count><sn /><visit_count>1</visit_count><start_from>Wed 26 Dec 2012 15:01:02 GMT</start_from><stream_type>wmv</stream_type><kbps /><qs>90</qs><qc>90</qc><schedule><sch_domain>port.ro</sch_domain><file_name>animal_planet</file_name><sch_channel_id>10021</sch_channel_id><sch_list_expire>6</sch_list_expire><sch_timezone>Europe/Bucharest</sch_timezone></schedule><description /><thumbnail>http://www.lyngsat-logo.com/hires/aa/animal_planet_europe.png</thumbnail>
		<sop_address><item>sop://broker.sopcast.com:3912/122855</item></sop_address></channel><channel btype="0" id="122850" language="ro" type="0"><name cn="" en="Discovery Science">Discovery Science</name><status>2</status><region cn="罗马尼亚" en="Romania">RO</region><class cn="纪实类" en="Documentary">13</class><user_count>1</user_count><sn /><visit_count>1</visit_count><start_from>Wed 26 Dec 2012 15:06:07 GMT</start_from><stream_type>wmv</stream_type><kbps /><qs>90</qs><qc>90</qc><schedule><sch_domain>port.ro</sch_domain><file_name>discovery_science</file_name><sch_channel_id>10044</sch_channel_id><sch_list_expire>6</sch_list_expire><sch_timezone>Europe/Bucharest</sch_timezone></schedule><description /><thumbnail>http://www.lyngsat-logo.com/hires/dd/discovery_science.png</thumbnail><sop_address><item>sop://broker.sopcast.com:3912/122850</item></sop_address></channel><channel btype="0" id="136821" language="en" type="0"><name cn="" en="Digi AnimalWorld">Digi AnimalWorld</name><status>2</status><region cn="阿拉伯联合酋长国" en="United Arab Emirates">AE</region><class cn="纪实类" en="Documentary">13</class><user_count>2</user_count><sn>4123</sn><visit_count>1</visit_count><start_from>Sun 30 Dec 2012 02:30:51 GMT</start_from><stream_type>wmv</stream_type><kbps /><qs>90</qs><qc>90</qc><schedule><sch_domain /><file_name /><sch_channel_id /><sch_list_expire /><sch_timezone /></schedule><description /><thumbnail /><sop_address><item>sop://95.211.111.66:3912/136821</item></sop_address></channel></group>

<group cn="电影" description="Description:Movie Channels" en="Movies" id="9" type="1">Movies

	<channel btype="0" id="124645" language="ro" type="0">
		<name cn="" en="">HBO HD</name>
		<status>2</status>
<region cn="" en="Romania">RO</region>
<class cn="" en="Movies">9</class>
<user_count>1</user_count>
<sn>4146</sn>
<visit_count>1</visit_count>
<start_from>Mon, 27 Feb 2012 23:52:53 GMT</start_from>
<stream_type>mpeg-ts</stream_type><kbps /><qs>97</qs><qc>96</qc>
<schedule><sch_domain>port.ro</sch_domain><file_name>hbo</file_name><sch_channel_id>10003</sch_channel_id><sch_list_expire>5</sch_list_expire><sch_timezone>Europe/Bucharest</sch_timezone></schedule>
<description cn="" /><thumbnail>http://www.lyngsat-logo.com/hires/hh/hbo_hd.png</thumbnail>
<sop_address><item>sop://broker.sopcast.com:3912/124645</item></sop_address>
	</channel>

	<channel btype="0" id="116006" language="ro" type="0">
		<name cn="" en="">HBO</name>
		<status>2</status>
<region cn="" en="Romania">RO</region>
<class cn="" en="Movies">9</class>
<user_count>1</user_count>
<sn>4146</sn>
<visit_count>1</visit_count>
<start_from>Mon, 27 Feb 2012 23:52:53 GMT</start_from>
<stream_type>wmv</stream_type><kbps /><qs>97</qs><qc>96</qc>
<schedule><sch_domain>port.ro</sch_domain><file_name>hbo</file_name><sch_channel_id>10003</sch_channel_id><sch_list_expire>5</sch_list_expire><sch_timezone>Europe/Bucharest</sch_timezone></schedule>
<description cn="" /><thumbnail>http://www.lyngsat-logo.com/hires/hh/hbo_ro.png</thumbnail>
<sop_address><item>sop://broker.sopcast.com:3912/116006</item></sop_address>
	</channel>
	<channel btype="0" id="116007" language="ro" type="0">
		<name cn="" en="">HBO Comedy</name>
		<status>2</status>
<region cn="" en="Romania">RO</region>
<class cn="" en="Movies">9</class>
<user_count>1</user_count>
<sn>4146</sn>
<visit_count>1</visit_count>
<start_from>Mon, 27 Feb 2012 23:52:53 GMT</start_from>
<stream_type>wmv</stream_type><kbps /><qs>97</qs><qc>96</qc>
<schedule><sch_domain>port.ro</sch_domain><file_name>hbo_comedy</file_name><sch_channel_id>10121</sch_channel_id><sch_list_expire>5</sch_list_expire><sch_timezone>Europe/Bucharest</sch_timezone></schedule>
<description cn="" /><thumbnail>http://www.lyngsat-logo.com/hires/hh/hbo_comedy_ceu.png</thumbnail>
<sop_address><item>sop://broker.sopcast.com:3912/116007</item></sop_address>
	</channel>

	<channel btype="0" id="80622" language="ro" type="0">
		<name cn="" en="">Pro Cinema</name>
		<status>2</status>
<region cn="" en="Romania">RO</region>
<class cn="" en="Movies">9</class>
<user_count>1</user_count>
<sn>4146</sn>
<visit_count>1</visit_count>
<start_from>Mon, 27 Feb 2012 23:52:53 GMT</start_from>
<stream_type>mpeg-ts</stream_type><kbps /><qs>97</qs><qc>96</qc>
<schedule><sch_domain>port.ro</sch_domain><file_name>pro_cinema</file_name><sch_channel_id>10036</sch_channel_id><sch_list_expire>5</sch_list_expire><sch_timezone>Europe/Bucharest</sch_timezone></schedule>
<description cn="" /><thumbnail>http://upload.wikimedia.org/wikipedia/en/9/92/Pro_Cinema.png</thumbnail>
<sop_address><item>sop://broker.sopcast.com:3912/80622</item></sop_address>
	</channel>

	<channel btype="0" id="60703" language="ro" type="0">
		<name cn="" en="">TV1000</name>
		<status>2</status>
<region cn="" en="Romania">RO</region>
<class cn="" en="Movies">9</class>
<user_count>1</user_count>
<sn>4146</sn>
<visit_count>1</visit_count>
<start_from>Mon, 27 Feb 2012 23:52:53 GMT</start_from>
<stream_type>mpeg-ts</stream_type><kbps /><qs>97</qs><qc>96</qc>
<schedule><sch_domain>port.ro</sch_domain><file_name>tv_1000</file_name><sch_channel_id>10060</sch_channel_id><sch_list_expire>5</sch_list_expire><sch_timezone>Europe/Bucharest</sch_timezone></schedule>
<description cn="" /><thumbnail>http://www.lyngsat-logo.com/hires/vv/viasat_tv1000_balkan.png</thumbnail>
<sop_address><item>sop://broker.sopcast.com:3912/60703</item></sop_address>
	</channel>

	<channel btype="0" id="112229" language="ro" type="0">
		<name cn="" en="">Digi Film</name>
		<status>2</status>
<region cn="" en="Romania">RO</region>
<class cn="" en="Movies">9</class>
<user_count>1</user_count>
<sn>4146</sn>
<visit_count>1</visit_count>
<start_from>Mon, 27 Feb 2012 23:52:53 GMT</start_from>
<stream_type>wmv</stream_type><kbps /><qs>97</qs><qc>96</qc>
<schedule><sch_domain>port.ro</sch_domain><file_name>digi_film</file_name><sch_channel_id>10227</sch_channel_id><sch_list_expire>5</sch_list_expire><sch_timezone>Europe/Bucharest</sch_timezone></schedule>
<description cn="" /><thumbnail>http://www.lyngsat-logo.com/hires/dd/digi_film_ro.png</thumbnail>
<sop_address><item>sop://broker.sopcast.com:3912/112229</item></sop_address>
	</channel>
	
	<channel btype="0" id="60709" language="ro" type="0">
		<name cn="" en="">AXN Romania</name>
		<status>2</status>
<region cn="" en="Romania">RO</region>
<class cn="" en="Movies">9</class>
<user_count>1</user_count>
<sn>4146</sn>
<visit_count>1</visit_count>
<start_from>Mon, 27 Feb 2012 23:52:53 GMT</start_from>
<stream_type>mpeg-ts</stream_type><kbps /><qs>97</qs><qc>96</qc>
<schedule><sch_domain>port.ro</sch_domain><file_name>axn</file_name><sch_channel_id>10033</sch_channel_id><sch_list_expire>5</sch_list_expire><sch_timezone>Europe/Bucharest</sch_timezone></schedule>
<description cn="" /><thumbnail>http://www.lyngsat-logo.com/hires/aa/axn_ro.png</thumbnail>
<sop_address><item>sop://broker.sopcast.com:3912/60709</item></sop_address>
	</channel>

	<channel btype="0" id="60711" language="ro" type="0">
		<name cn="" en="">AXN Crime</name>
		<status>2</status>
<region cn="" en="Romania">RO</region>
<class cn="" en="Movies">9</class>
<user_count>1</user_count>
<sn>4146</sn>
<visit_count>1</visit_count>
<start_from>Mon, 27 Feb 2012 23:52:53 GMT</start_from>
<stream_type>mpeg-ts</stream_type><kbps /><qs>97</qs><qc>96</qc>
<schedule><sch_domain>port.ro</sch_domain><file_name>axn_crime</file_name><sch_channel_id>10073</sch_channel_id><sch_list_expire>5</sch_list_expire><sch_timezone>Europe/Bucharest</sch_timezone></schedule>
<description cn="" /><thumbnail>http://www.lyngsat-logo.com/hires/aa/axn_crime.png</thumbnail>
<sop_address><item>sop://broker.sopcast.com:3912/60711</item></sop_address>
	</channel>

	<channel btype="0" id="60710" language="ro" type="0">
		<name cn="" en="">AXN SciFi</name>
		<status>2</status>
<region cn="" en="Romania">RO</region>
<class cn="" en="Movies">9</class>
<user_count>1</user_count>
<sn>4146</sn>
<visit_count>1</visit_count>
<start_from>Mon, 27 Feb 2012 23:52:53 GMT</start_from>
<stream_type>mpeg-ts</stream_type><kbps /><qs>97</qs><qc>96</qc>
<schedule><sch_domain>port.ro</sch_domain><file_name>axn_sci-fi</file_name><sch_channel_id>10072</sch_channel_id><sch_list_expire>5</sch_list_expire><sch_timezone>Europe/Bucharest</sch_timezone></schedule>
<description cn="" /><thumbnail>http://www.lyngsat-logo.com/hires/aa/axn_scifi.png</thumbnail>
<sop_address><item>sop://broker.sopcast.com:3912/60710</item></sop_address>
	</channel>

	<channel btype="0" id="112098" language="ro" type="0">
		<name cn="" en="">Diva Universal</name>
		<status>2</status>
<region cn="" en="Romania">RO</region>
<class cn="" en="Movies">9</class>
<user_count>1</user_count>
<sn>4146</sn>
<visit_count>1</visit_count>
<start_from>Mon, 27 Feb 2012 23:52:53 GMT</start_from>
<stream_type>wmv</stream_type><kbps /><qs>97</qs><qc>96</qc>
<schedule><sch_domain>port.ro</sch_domain><file_name>diva_universal</file_name><sch_channel_id>10027</sch_channel_id><sch_list_expire>5</sch_list_expire><sch_timezone>Europe/Bucharest</sch_timezone></schedule>
<description cn="" /><thumbnail>http://www.lyngsat-logo.com/hires/dd/diva_universal_ro.png</thumbnail>
<sop_address><item>sop://broker.sopcast.com:3912/112098</item></sop_address>
	</channel>

	<channel btype="0" id="112097" language="ro" type="0">
		<name cn="" en="">Film Box HD</name>
		<status>2</status>
<region cn="" en="Romania">RO</region>
<class cn="" en="Movies">9</class>
<user_count>1</user_count>
<sn>4146</sn>
<visit_count>1</visit_count>
<start_from>Mon, 27 Feb 2012 23:52:53 GMT</start_from>
<stream_type>wmv</stream_type><kbps /><qs>97</qs><qc>96</qc>
<schedule><sch_domain>port.ro</sch_domain><file_name>filbox_hd</file_name><sch_channel_id>10239</sch_channel_id><sch_list_expire>5</sch_list_expire><sch_timezone>Europe/Bucharest</sch_timezone></schedule>
<description cn="" /><thumbnail>http://www.lyngsat-logo.com/hires/ff/filmbox_hd.png</thumbnail>
<sop_address><item>sop://broker.sopcast.com:3912/112097</item></sop_address>
	</channel>

	<channel btype="0" id="116457" language="ro" type="0">
		<name cn="" en="">MGM</name>
		<status>2</status>
<region cn="" en="Romania">RO</region>
<class cn="" en="Movies">9</class>
<user_count>1</user_count>
<sn>4146</sn>
<visit_count>1</visit_count>
<start_from>Mon, 27 Feb 2012 23:52:53 GMT</start_from>
<stream_type>wmv</stream_type><kbps /><qs>97</qs><qc>96</qc>
<schedule><sch_domain>port.ro</sch_domain><file_name>mgm</file_name><sch_channel_id>10092</sch_channel_id><sch_list_expire>5</sch_list_expire><sch_timezone>Europe/Bucharest</sch_timezone></schedule>
<description cn="" /><thumbnail>http://www.lyngsat-logo.com/hires/mm/mgm_channel_east_europe.png</thumbnail>
<sop_address><item>sop://broker.sopcast.com:3912/116457</item></sop_address>
	</channel>

	<channel btype="0" id="80593" language="ro" type="0">
		<name cn="" en="">TCM - Cartoon Network</name>
		<status>2</status>
<region cn="" en="Romania">RO</region>
<class cn="" en="Movies">9</class>
<user_count>1</user_count>
<sn>4146</sn>
<visit_count>1</visit_count>
<start_from>Mon, 27 Feb 2012 23:52:53 GMT</start_from>
<stream_type>mpeg-ts</stream_type><kbps /><qs>97</qs><qc>96</qc>
<schedule><sch_domain>port.ro</sch_domain><file_name>tcm</file_name><sch_channel_id>10054</sch_channel_id><sch_list_expire>5</sch_list_expire><sch_timezone>Europe/Bucharest</sch_timezone></schedule>
<description cn="" /><thumbnail>http://www.lyngsat-logo.com/hires/tt/tcm.png</thumbnail>
<sop_address><item>sop://broker.sopcast.com:3912/80593</item></sop_address>
	</channel>

	<channel btype="0" id="115512" language="ro" type="0">
		<name cn="" en="">Acasa Gold</name>
		<status>2</status>
<region cn="" en="Romania">RO</region>
<class cn="" en="Movies">9</class>
<user_count>1</user_count>
<sn>4146</sn>
<visit_count>1</visit_count>
<start_from>Mon, 27 Feb 2012 23:52:53 GMT</start_from>
<stream_type>wmv</stream_type><kbps /><qs>97</qs><qc>96</qc>
<schedule><sch_domain>port.ro</sch_domain><file_name>acasa_gold</file_name><sch_channel_id>10253</sch_channel_id><sch_list_expire>5</sch_list_expire><sch_timezone>Europe/Bucharest</sch_timezone></schedule>
<description cn="" /><thumbnail>http://www.lyngsat-logo.com/hires/aa/acasa_tv_gold.png</thumbnail>
<sop_address><item>sop://broker.sopcast.com:3912/115512</item></sop_address>
	</channel>
	<channel btype="0" id="80555" language="ro" type="0">
		<name cn="" en="">Acasa TV</name>
		<status>2</status>
<region cn="" en="Romania">RO</region>
<class cn="电影" en="Movies">9</class>
<user_count>1</user_count>
<sn>4146</sn>
<visit_count>1</visit_count>
<start_from>Mon, 27 Feb 2012 23:52:53 GMT</start_from>
<stream_type>mpeg-ts</stream_type><kbps /><qs>97</qs><qc>96</qc>
<schedule><sch_domain>port.ro</sch_domain><file_name>acasa_tv</file_name><sch_channel_id>10004</sch_channel_id><sch_list_expire>5</sch_list_expire><sch_timezone>Europe/Bucharest</sch_timezone></schedule>
<description cn="" /><thumbnail>http://www.lyngsat-logo.com/hires/aa/acasa_tv.png</thumbnail>
<sop_address><item>sop://broker.sopcast.com:3912/80555</item></sop_address>
	</channel>

	<channel btype="0" id="112101" language="ro" type="0">
		<name cn="" en="">Bollywood TV (Dolcetv)</name>
		<status>2</status>
<region cn="" en="Romania">RO</region>
<class cn="" en="Movies">9</class>
<user_count>1</user_count>
<sn>4146</sn>
<visit_count>1</visit_count>
<start_from>Mon, 27 Feb 2012 23:52:53 GMT</start_from>
<stream_type>wmv</stream_type><kbps /><qs>97</qs><qc>96</qc>
<schedule><sch_domain>port.ro</sch_domain><file_name>bollywood_tv</file_name><sch_channel_id /><sch_list_expire>5</sch_list_expire><sch_timezone>Europe/Bucharest</sch_timezone></schedule>
<description cn="" /><thumbnail>http://www.lyngsat-logo.com/logo/tv/bb/bollywood_tv_ro.jpg</thumbnail>
<sop_address><item>sop://broker.sopcast.com:3912/112101</item></sop_address>
	</channel>
<channel btype="0" id="74635" language="" type="0"><name cn="" en="Digi Film">Digi Film</name><status>2</status><region cn="" en="Romania">RO</region><class cn="" en="Movies">9</class><user_count>1</user_count><sn>4146</sn><visit_count>1</visit_count><start_from /><stream_type>mpeg-ts</stream_type><kbps /><qs>90</qs><qc>90</qc><schedule><sch_domain>port.ro</sch_domain><file_name>digi_film</file_name><sch_channel_id>10227</sch_channel_id><sch_list_expire>6</sch_list_expire><sch_timezone>Europe/Bucharest</sch_timezone></schedule><description /><thumbnail>http://www.lyngsat-logo.com/hires/dd/digi_film_ro.png</thumbnail><sop_address><item>sop://broker.sopcast.com:3912/74635</item></sop_address></channel><channel btype="0" id="120704" language="ro" type="0"><name cn="" en="Digi Film">Digi Film</name><status>2</status><region cn="罗马尼亚" en="Romania">RO</region><class cn="电影" en="Movies">9</class><user_count>11</user_count><sn>4400</sn><visit_count>1</visit_count><start_from>Wed 26 Dec 2012 10:02:52 GMT</start_from><stream_type>wmv</stream_type><kbps /><qs>90</qs><qc>90</qc><schedule><sch_domain>port.ro</sch_domain><file_name>digi_film</file_name><sch_channel_id>10227</sch_channel_id><sch_list_expire>6</sch_list_expire><sch_timezone>Europe/Bucharest</sch_timezone></schedule><description /><thumbnail>http://www.lyngsat-logo.com/hires/dd/digi_film_ro.png</thumbnail><sop_address><item>sop://95.211.111.66:3912/120704</item></sop_address></channel><channel btype="0" id="136823" language="ro" type="0"><name cn="" en="Universal Channel">Universal Channel</name><status>2</status><region cn="罗马尼亚" en="Romania">RO</region><class cn="电影" en="Movies">9</class><user_count>2</user_count><sn>4125</sn><visit_count>1</visit_count><start_from>Sun 30 Dec 2012 02:40:16 GMT</start_from><stream_type>wmv</stream_type><kbps /><qs>90</qs><qc>90</qc><schedule><sch_domain>port.ro</sch_domain><file_name>universal_channel</file_name><sch_channel_id>10149</sch_channel_id><sch_list_expire>6</sch_list_expire><sch_timezone>Europe/Bucharest</sch_timezone></schedule><description /><thumbnail>http://www.lyngsat-logo.com/hires/uu/universal_channel_ro.png</thumbnail><sop_address><item>sop://95.211.111.66:3912/136823</item></sop_address></channel><channel btype="0" id="136824" language="ro" type="0"><name cn="" en="Film Café">Film Café</name><status>2</status><region cn="罗马尼亚" en="Romania">RO</region><class cn="电影" en="Movies">9</class><user_count>2</user_count><sn>4123</sn><visit_count>1</visit_count><start_from>Sun 30 Dec 2012 02:46:57 GMT</start_from><stream_type>wmv</stream_type><kbps /><qs>90</qs><qc>90</qc><schedule><sch_domain>port.ro</sch_domain><file_name>film_cafe</file_name><sch_channel_id>10051</sch_channel_id><sch_list_expire>6</sch_list_expire><sch_timezone>Europe/Bucharest</sch_timezone></schedule><description /><thumbnail>http://www.lyngsat-logo.com/hires/ff/film_cafe_hu.png</thumbnail><sop_address><item>sop://95.211.111.66:3912/136824</item></sop_address></channel><channel btype="0" id="136825" language="ro" type="0"><name cn="" en="AXN SciFi">AXN SciFi</name><status>2</status><region cn="罗马尼亚" en="Romania">RO</region><class cn="电影" en="Movies">9</class><user_count>2</user_count><sn>4122</sn><visit_count>1</visit_count><start_from>Sun 30 Dec 2012 02:49:19 GMT</start_from><stream_type>wmv</stream_type><kbps /><qs>90</qs><qc>90</qc><schedule><sch_domain>port.ro</sch_domain><file_name>axn_sci-fi</file_name><sch_channel_id>10072</sch_channel_id><sch_list_expire>6</sch_list_expire><sch_timezone>Europe/Bucharest</sch_timezone></schedule><description /><thumbnail>http://www.lyngsat-logo.com/hires/aa/axn_scifi.png</thumbnail><sop_address><item>sop://95.211.111.66:3912/136825</item></sop_address></channel><channel btype="0" id="136826" language="ro" type="0"><name cn="" en="AXN Romania">AXN Romania</name><status>2</status><region cn="罗马尼亚" en="Romania">RO</region><class cn="电影" en="Movies">9</class><user_count>2</user_count><sn>4122</sn><visit_count>1</visit_count><start_from>Sun 30 Dec 2012 02:49:55 GMT</start_from><stream_type>wmv</stream_type><kbps /><qs>90</qs><qc>90</qc><schedule><sch_domain>port.ro</sch_domain><file_name>axn</file_name><sch_channel_id>10033</sch_channel_id><sch_list_expire>6</sch_list_expire><sch_timezone>Europe/Bucharest</sch_timezone></schedule><description /><thumbnail>http://www.lyngsat-logo.com/hires/aa/axn_ro.png</thumbnail><sop_address><item>sop://95.211.111.66:3912/136826</item></sop_address></channel></group>
<group cn="综合类" description="Description:General Channels" en="General" id="3" type="1">General
	<channel btype="0" id="80625" language="ro" type="0">
		<name cn="" en="">Antena 1</name>
		<status>2</status>
<region cn="" en="Romania">RO</region>
<class cn="" en="General">3</class>
<user_count>1</user_count>
<sn>80625</sn>
<visit_count>1</visit_count>
<start_from>Mon, 27 Feb 2012 23:52:53 GMT</start_from>
<stream_type>mpeg-ts</stream_type><kbps /><qs>97</qs><qc>96</qc>
<schedule><sch_domain>port.ro</sch_domain><file_name>antena_1</file_name><sch_channel_id>10017</sch_channel_id><sch_list_expire>5</sch_list_expire><sch_timezone>Europe/Bucharest</sch_timezone></schedule>
<description cn="" /><thumbnail>http://www.lyngsat-logo.com/hires/aa/antena1_ro.png</thumbnail>
<sop_address>
<item>sop://broker.sopcast.com:3912/80625</item></sop_address>
	</channel>


	<channel btype="0" id="72565" language="ro" type="1">
		<name cn="" en="">Antena 1 HQ</name>
		<status>2</status>
<region cn="" en="Romania">RO</region>
<class cn="" en="General">3</class>
<user_count>0</user_count>
<sn>0</sn>
<visit_count>0</visit_count>
<start_from>Mon, 27 Feb 2012 23:52:53 GMT</start_from>
<stream_type>wmv</stream_type><kbps>0</kbps><qs>0</qs><qc>0</qc>
<schedule><sch_domain>port.ro</sch_domain><file_name>antena_1</file_name><sch_channel_id>10017</sch_channel_id><sch_list_expire>5</sch_list_expire><sch_timezone>Europe/Bucharest</sch_timezone></schedule>
<description cn="" /><thumbnail>http://www.lyngsat-logo.com/hires/aa/antena1_ro.png</thumbnail>
<sop_address><item>sop://broker.sopcast.com:3912/72565</item></sop_address>
	</channel>


	<channel btype="0" id="112948" language="ro" type="1">
		<name cn="" en="">Antena 2</name>
		<status>2</status>
<region cn="" en="Romania">RO</region>
<class cn="" en="General">3</class>
<user_count>0</user_count>
<sn>0</sn>
<visit_count>0</visit_count>
<start_from>Mon, 27 Feb 2012 23:52:53 GMT</start_from>
<stream_type>wmv</stream_type><kbps>0</kbps><qs>0</qs><qc>0</qc>
<schedule><sch_domain>port.ro</sch_domain><file_name>antena_2</file_name><sch_channel_id>10119</sch_channel_id><sch_list_expire>5</sch_list_expire><sch_timezone>Europe/Bucharest</sch_timezone></schedule>
<description cn="" /><thumbnail>http://www.lyngsat-logo.com/hires/aa/antena2_ro.png</thumbnail>
<sop_address><item>sop://broker.sopcast.com:3912/112948</item></sop_address>
	</channel>

	<channel btype="0" id="86738" language="ro" type="0">
		<name cn="" en="">ProTV HD</name>
		<status>2</status>
<region cn="" en="Romania">RO</region>
<class cn="" en="General">3</class>
<user_count>1</user_count>
<sn>4146</sn>
<visit_count>1</visit_count>
<start_from>Mon, 27 Feb 2012 23:52:53 GMT</start_from>
<stream_type>mpeg-ts</stream_type><kbps /><qs>97</qs><qc>96</qc>
<schedule><sch_domain>port.ro</sch_domain><file_name>pro_tv</file_name><sch_channel_id>10007</sch_channel_id><sch_list_expire>5</sch_list_expire><sch_timezone>Europe/Bucharest</sch_timezone></schedule>
<description cn="" /><thumbnail>http://www.lyngsat-logo.com/logo/tv/pp/pro_tv_hd.jpg</thumbnail>
<sop_address><item>sop://broker.sopcast.com:3912/86738</item></sop_address>
	</channel>

	<channel btype="0" id="80621" language="ro" type="0">
		<name cn="" en="ProTV">ProTV</name>
		<status>2</status>
<region cn="罗马尼亚" en="Romania">RO</region>
<class cn="综合类" en="General">3</class>
<user_count>1</user_count>
<sn>4146</sn>
<visit_count>1</visit_count>
<start_from>Mon, 27 Feb 2012 23:52:53 GMT</start_from>
<stream_type /><kbps /><qs>97</qs><qc>96</qc>
<schedule><sch_domain>port.ro</sch_domain><file_name>pro_tv</file_name><sch_channel_id>10007</sch_channel_id><sch_list_expire>6</sch_list_expire><sch_timezone>Europe/Bucharest</sch_timezone></schedule>
<description cn="" /><thumbnail>http://userlogos.org/files/logos/lukian89/g2114elo.png</thumbnail>
<sop_address><item>sop://broker.sopcast.com:3912/80621</item></sop_address>
	</channel>

	<channel btype="0" id="86739" language="ro" type="0">
		<name cn="" en="">TVR 1</name>
		<status>2</status>
<region cn="" en="Romania">RO</region>
<class cn="" en="General">3</class>
<user_count>1</user_count>
<sn>4146</sn>
<visit_count>1</visit_count>
<start_from>Mon, 27 Feb 2012 23:52:53 GMT</start_from>
<stream_type>mpeg-ts</stream_type><kbps /><qs>97</qs><qc>96</qc>
<schedule><sch_domain>port.ro</sch_domain><file_name>tvr_1</file_name><sch_channel_id>10001</sch_channel_id><sch_list_expire>5</sch_list_expire><sch_timezone>Europe/Bucharest</sch_timezone></schedule>
<description cn="" /><thumbnail>http://www.lyngsat-logo.com/hires/tt/tvr1_ro.png</thumbnail>
<sop_address><item>sop://broker.sopcast.com:3912/86739</item></sop_address>
	</channel>

	<channel btype="0" id="132190" language="ro" type="0">
		<name cn="" en="">TVR HD</name>
		<status>2</status>
<region cn="" en="Romania">RO</region>
<class cn="" en="General">3</class>
<user_count>1</user_count>
<sn>4146</sn>
<visit_count>1</visit_count>
<start_from>Mon, 27 Feb 2012 23:52:53 GMT</start_from>
<stream_type>mpeg-ts</stream_type><kbps /><qs>97</qs><qc>96</qc>
<schedule><sch_domain>port.ro</sch_domain><file_name>tvr_1</file_name><sch_channel_id>10001</sch_channel_id><sch_list_expire>5</sch_list_expire><sch_timezone>Europe/Bucharest</sch_timezone></schedule>
<description cn="" /><thumbnail>http://www.lyngsat-logo.com/hires/tt/tvr1_ro.png</thumbnail>
<sop_address><item>sop://broker.sopcast.com:3912/132190</item></sop_address>
	</channel>

	<channel btype="0" id="80620" language="ro" type="0">
		<name cn="" en="">TVR 2</name>
		<status>2</status>
<region cn="" en="Romania">RO</region>
<class cn="" en="General">3</class>
<user_count>1</user_count>
<sn>4146</sn>
<visit_count>1</visit_count>
<start_from>Mon, 27 Feb 2012 23:52:53 GMT</start_from>
<stream_type>mpeg-ts</stream_type><kbps /><qs>97</qs><qc>96</qc>
<schedule><sch_domain>port.ro</sch_domain><file_name>tvr_2</file_name><sch_channel_id>10002</sch_channel_id><sch_list_expire>5</sch_list_expire><sch_timezone>Europe/Bucharest</sch_timezone></schedule>
<description cn="" /><thumbnail>http://www.lyngsat-logo.com/hires/tt/tvr2_ro.png</thumbnail>
<sop_address><item>sop://broker.sopcast.com:3912/80620</item></sop_address>
	</channel>

	<channel btype="0" id="60586" language="ro" type="0">
		<name cn="" en="">Prima TV</name>
		<status>2</status>
<region cn="" en="Romania">RO</region>
<class cn="" en="General">3</class>
<user_count>1</user_count>
<sn>4146</sn>
<visit_count>1</visit_count>
<start_from>Mon, 27 Feb 2012 23:52:53 GMT</start_from>
<stream_type>mpeg-ts</stream_type><kbps>420</kbps><qs>97</qs><qc>96</qc>
<schedule><sch_domain>port.ro</sch_domain><file_name>prima_tv</file_name><sch_channel_id>10005</sch_channel_id><sch_list_expire>5</sch_list_expire><sch_timezone>Europe/Bucharest</sch_timezone></schedule>
<description cn="" /><thumbnail>http://www.lyngsat-logo.com/logo/tv/pp/prima_tv.jpg</thumbnail>
<sop_address><item>sop://broker.sopcast.com:3912/60586</item></sop_address>
	</channel>




	<channel btype="0" id="74841" language="ro" type="0">
		<name cn="" en="">B1 TV</name>
		<status>2</status>
<region cn="" en="Romania">RO</region>
<class cn="" en="General">3</class>
<user_count>1</user_count>
<sn>4146</sn>
<visit_count>1</visit_count>
<start_from>Mon, 27 Feb 2012 23:52:53 GMT</start_from>
<stream_type>mpeg-ts</stream_type><kbps>510</kbps><qs>97</qs><qc>96</qc>
<schedule><sch_domain>port.ro</sch_domain><file_name>b1</file_name><sch_channel_id>10022</sch_channel_id><sch_list_expire>5</sch_list_expire><sch_timezone>Europe/Bucharest</sch_timezone></schedule>
<description cn="" /><thumbnail>http://www.lyngsat-logo.com/hires/bb/b1_tv.png</thumbnail>
<sop_address><item>sop://broker.sopcast.com:3912/74841</item></sop_address>
	</channel>
	<channel btype="0" id="60702" language="ro" type="0">
		<name cn="" en="">Kanal D</name>
		<status>2</status>
<region cn="" en="Romania">RO</region>
<class cn="" en="General">3</class>
<user_count>1</user_count>
<sn>4146</sn>
<visit_count>1</visit_count>
<start_from>Mon, 27 Feb 2012 23:52:53 GMT</start_from>
<stream_type>mpeg-ts</stream_type><kbps /><qs>97</qs><qc>96</qc>
<schedule><sch_domain>port.ro</sch_domain><file_name>kanal_d</file_name><sch_channel_id>10097</sch_channel_id><sch_list_expire>5</sch_list_expire><sch_timezone>Europe/Bucharest</sch_timezone></schedule>
<description cn="" /><thumbnail>http://www.kusdili.net/1/resimler/522px-Kanal_D_logo.svg.png</thumbnail>
<sop_address><item>sop://broker.sopcast.com:3912/60702</item></sop_address>
	</channel>

	<channel btype="0" id="60704" language="ro" type="0">
		<name cn="" en="">National TV</name>
		<status>2</status>
<region cn="" en="Romania">RO</region>
<class cn="" en="General">3</class>
<user_count>1</user_count>
<sn>4146</sn>
<visit_count>1</visit_count>
<start_from>Mon, 27 Feb 2012 23:52:53 GMT</start_from>
<stream_type>mpeg-ts</stream_type><kbps /><qs>97</qs><qc>96</qc>
<schedule><sch_domain>port.ro</sch_domain><file_name>national_tv</file_name><sch_channel_id>10031</sch_channel_id><sch_list_expire>5</sch_list_expire><sch_timezone>Europe/Bucharest</sch_timezone></schedule>
<description cn="" /><thumbnail>http://upload.wikimedia.org/wikipedia/en/0/02/National_TV.png</thumbnail>
<sop_address><item>sop://broker.sopcast.com:3912/60704</item></sop_address>
	</channel>

	<channel btype="0" id="60708" language="ro" type="0">
		<name cn="" en="">OTV</name>
		<status>2</status>
<region cn="" en="Romania">RO</region>
<class cn="" en="General">3</class>
<user_count>1</user_count>
<sn>4146</sn>
<visit_count>1</visit_count>
<start_from>Mon, 27 Feb 2012 23:52:53 GMT</start_from>
<stream_type>mpeg-ts</stream_type><kbps /><qs>97</qs><qc>96</qc>
<schedule><sch_domain>port.ro</sch_domain><file_name>otv</file_name><sch_channel_id>10046</sch_channel_id><sch_list_expire>5</sch_list_expire><sch_timezone>Europe/Bucharest</sch_timezone></schedule>
<description cn="" /><thumbnail>http://www.mixmusicevolution.ro/wp-content/uploads/2011/03/logo_otv.png</thumbnail>
<sop_address><item>sop://broker.sopcast.com:3912/60708</item></sop_address>
	</channel>

<channel btype="0" id="90686" language="en" type="0"><name cn="" en="ProTV International">ProTV International</name><status>2</status><region cn="加拿大" en="Canada">CA</region><class cn="综合类" en="General">3</class><user_count>5</user_count><sn>4206</sn><visit_count>1</visit_count><start_from>Tue 25 Dec 2012 15:03:51 GMT</start_from><stream_type>wmv</stream_type><kbps /><qs>90</qs><qc>90</qc><schedule><sch_domain /><file_name /><sch_channel_id /><sch_list_expire /><sch_timezone /></schedule><description /><thumbnail /><sop_address><item>sop://95.211.111.66:3912/90686</item></sop_address></channel><channel btype="0" id="122833" language="ro" type="0"><name cn="" en="Kanal D">Kanal D</name><status>2</status><region cn="罗马尼亚" en="Romania">RO</region><class cn="综合类" en="General">3</class><user_count>14</user_count><sn>4537</sn><visit_count>1</visit_count><start_from>Wed 26 Dec 2012 10:01:29 GMT</start_from><stream_type>wmv</stream_type><kbps /><qs>90</qs><qc>90</qc><schedule><sch_domain>port.ro</sch_domain><file_name>kanal_d</file_name><sch_channel_id>10097</sch_channel_id><sch_list_expire>6</sch_list_expire><sch_timezone>Europe/Bucharest</sch_timezone></schedule><description /><thumbnail>http://www.kusdili.net/1/resimler/522px-Kanal_D_logo.svg.png</thumbnail><sop_address><item>sop://95.211.111.66:3912/122833</item></sop_address></channel><channel btype="0" id="122834" language="ro" type="0"><name cn="" en="Prima TV">Prima TV</name><status>2</status><region cn="罗马尼亚" en="Romania">RO</region><class cn="综合类" en="General">3</class><user_count>9</user_count><sn>4284</sn><visit_count>1</visit_count><start_from>Wed 26 Dec 2012 10:02:00 GMT</start_from><stream_type>wmv</stream_type><kbps /><qs>90</qs><qc>90</qc><schedule><sch_domain>port.ro</sch_domain><file_name>prima_tv</file_name><sch_channel_id>10005</sch_channel_id><sch_list_expire>6</sch_list_expire><sch_timezone>Europe/Bucharest</sch_timezone></schedule><description /><thumbnail>http://www.lyngsat-logo.com/logo/tv/pp/prima_tv.jpg</thumbnail><sop_address><item>sop://95.211.111.66:3912/122834</item></sop_address></channel><channel btype="0" id="137041" language="ro" type="0"><name cn="" en="TVR 2">TVR 2</name><status>2</status><region cn="罗马尼亚" en="Romania">RO</region><class cn="综合类" en="General">3</class><user_count>1</user_count><sn /><visit_count>1</visit_count><start_from>Sat 29 Dec 2012 23:49:38 GMT</start_from><stream_type>mpeg-ts</stream_type><kbps>1150</kbps><qs>90</qs><qc>90</qc><schedule><sch_domain>port.ro</sch_domain><file_name>tvr_2</file_name><sch_channel_id>10002</sch_channel_id><sch_list_expire>6</sch_list_expire><sch_timezone>Europe/Bucharest</sch_timezone></schedule><description /><thumbnail>http://www.lyngsat-logo.com/hires/tt/tvr2_ro.png</thumbnail><sop_address><item>sop://broker.sopcast.com:3912/137041</item></sop_address></channel></group>
<group cn="卡通类" description="Description:Cartoon Channels" en="Cartoon" id="10" type="1">Cartoon

	<channel btype="0" id="60712" language="ro" type="0">
		<name cn="" en="">Boomerang TV</name>
		<status>2</status>
<region cn="" en="Romania">RO</region>
<class cn="" en="Cartoon">10</class>
<user_count>1</user_count>
<sn>4146</sn>
<visit_count>1</visit_count>
<start_from>Mon, 27 Feb 2012 23:52:53 GMT</start_from>
<stream_type>mpeg-ts</stream_type><kbps /><qs>97</qs><qc>96</qc>
<schedule><sch_domain>port.ro</sch_domain><file_name>boomerang</file_name><sch_channel_id>10081</sch_channel_id><sch_list_expire>5</sch_list_expire><sch_timezone>Europe/Bucharest</sch_timezone></schedule>
<description cn="" /><thumbnail>http://www.lyngsat-logo.com/hires/bb/boomerang_ce.png</thumbnail>
<sop_address><item>sop://broker.sopcast.com:3912/60712</item></sop_address>
	</channel>

	<channel btype="0" id="75086" language="ro" type="0">
		<name cn="" en="">Disney Channel</name>
		<status>2</status>
<region cn="" en="Romania">RO</region>
<class cn="" en="Cartoon">10</class>
<user_count>1</user_count>
<sn>4146</sn>
<visit_count>1</visit_count>
<start_from>Mon, 27 Feb 2012 23:52:53 GMT</start_from>
<stream_type>mpeg-ts</stream_type><kbps /><qs>97</qs><qc>96</qc>
<schedule><sch_domain>port.ro</sch_domain><file_name>disney_channel</file_name><sch_channel_id>10018</sch_channel_id><sch_list_expire>5</sch_list_expire><sch_timezone>Europe/Bucharest</sch_timezone></schedule>
<description cn="" /><thumbnail>http://www.lyngsat-logo.com/hires/dd/disney_channel.png</thumbnail>
<sop_address><item>sop://broker.sopcast.com:3912/75086</item></sop_address>
	</channel>
	<channel btype="0" id="122867" language="ro" type="0">
		<name cn="" en="">Disney Junior</name>
		<status>2</status>
<region cn="" en="Romania">RO</region>
<class cn="" en="Cartoon">10</class>
<user_count>1</user_count>
<sn>74842</sn>
<visit_count>1</visit_count>
<start_from>Mon, 27 Feb 2012 23:52:53 GMT</start_from>
<stream_type>wmv</stream_type><kbps /><qs>97</qs><qc>96</qc>
<schedule><sch_domain>port.ro</sch_domain><file_name>disney_junior</file_name><sch_channel_id>10263</sch_channel_id><sch_list_expire>5</sch_list_expire><sch_timezone>Europe/Bucharest</sch_timezone></schedule>
<description cn="" /><thumbnail>http://www.lyngsat-logo.com/hires/dd/disney_junior_ro.png</thumbnail>
<sop_address><item>sop://broker.sopcast.com:3912/122867</item></sop_address>
	</channel>
		<channel btype="0" id="114987" language="ro" type="0">
		<name cn="" en="">Minimax</name>
		<status>2</status>
<region cn="" en="Romania">RO</region>
<class cn="" en="Cartoon">10</class>
<user_count>1</user_count>
<sn>74842</sn>
<visit_count>1</visit_count>
<start_from>Mon, 27 Feb 2012 23:52:53 GMT</start_from>
<stream_type>wmv</stream_type><kbps /><qs>97</qs><qc>96</qc>
<schedule><sch_domain>port.ro</sch_domain><file_name>minimax</file_name><sch_channel_id>10023</sch_channel_id><sch_list_expire>5</sch_list_expire><sch_timezone>Europe/Bucharest</sch_timezone></schedule>
<description cn="" /><thumbnail>http://www.lyngsat-logo.com/hires/mm/minimax_ro.png</thumbnail>
<sop_address><item>sop://broker.sopcast.com:3912/114987</item></sop_address>
	</channel>
	
	<channel btype="0" id="80593" language="ro" type="0">
		<name cn="" en="">Cartoon Network / TCM</name>
		<status>2</status>
<region cn="" en="Romania">RO</region>
<class cn="" en="Cartoon">10</class>
<user_count>1</user_count>
<sn>4146</sn>
<visit_count>1</visit_count>
<start_from>Mon, 27 Feb 2012 23:52:53 GMT</start_from>
<stream_type>mpeg-ts</stream_type><kbps /><qs>97</qs><qc>96</qc>
<schedule><sch_domain>port.ro</sch_domain><file_name>cartoon_network</file_name><sch_channel_id>10053</sch_channel_id><sch_list_expire>5</sch_list_expire><sch_timezone>Europe/Bucharest</sch_timezone></schedule>
<description cn="" /><thumbnail>http://www.lyngsat-logo.com/hires/cc/cartoon_network.png</thumbnail>
<sop_address><item>sop://broker.sopcast.com:3912/80593</item></sop_address>
	</channel>
</group>
<group cn="音乐类" description="Description:Music Channels" en="Music" id="11" type="1">Music

	<channel btype="0" id="74846" language="ro" type="0">
		<name cn="" en="">Taraf TV</name>
		<status>2</status>
<region cn="" en="Romania">RO</region>
<class cn="" en="Music">11</class>
<user_count>1</user_count>
<sn>74842</sn>
<visit_count>1</visit_count>
<start_from>Mon, 27 Feb 2012 23:52:53 GMT</start_from>
<stream_type>mpeg-ts</stream_type><kbps>590</kbps><qs>97</qs><qc>96</qc>
<schedule><sch_domain>port.ro</sch_domain><file_name>taraf_tv</file_name><sch_channel_id>10101</sch_channel_id><sch_list_expire>5</sch_list_expire><sch_timezone>Europe/Bucharest</sch_timezone></schedule>
<description cn="" /><thumbnail>http://www.lyngsat-logo.com/logo/tv/tt/taraf_tv.jpg</thumbnail>
<sop_address><item>sop://broker.sopcast.com:3912/74846</item></sop_address>
	</channel>
		<channel btype="0" id="116003" language="ro" type="0">
		<name cn="" en="">Favorit</name>
		<status>2</status>
<region cn="" en="Romania">RO</region>
<class cn="" en="Music">11</class>
<user_count>1</user_count>
<sn>74842</sn>
<visit_count>1</visit_count>
<start_from>Mon, 27 Feb 2012 23:52:53 GMT</start_from>
<stream_type>mpeg-ts</stream_type><kbps /><qs>97</qs><qc>96</qc>
<schedule><sch_domain>port.ro</sch_domain><file_name>favorit_tv</file_name><sch_channel_id>10071</sch_channel_id><sch_list_expire>5</sch_list_expire><sch_timezone>Europe/Bucharest</sch_timezone></schedule>
<description cn="" /><thumbnail>http://www.lyngsat-logo.com/hires/ff/favorit_tv.png</thumbnail>
<sop_address><item>sop://broker.sopcast.com:3912/116003</item></sop_address>
	</channel>
	
	<channel btype="0" id="116001" language="ro" type="0">
		<name cn="" en="">Mynele TV</name>
		<status>2</status>
<region cn="" en="Romania">RO</region>
<class cn="" en="Music">11</class>
<user_count>1</user_count>
<sn>74842</sn>
<visit_count>1</visit_count>
<start_from>Mon, 27 Feb 2012 23:52:53 GMT</start_from>
<stream_type>wmv</stream_type><kbps /><qs>97</qs><qc>96</qc>
<schedule><sch_domain>port.ro</sch_domain><file_name>mynele_tv</file_name><sch_channel_id>10206</sch_channel_id><sch_list_expire>5</sch_list_expire><sch_timezone>Europe/Bucharest</sch_timezone></schedule>
<description cn="" /><thumbnail>http://www.lyngsat-logo.com/logo/tv/mm/mynele.jpg</thumbnail>
<sop_address><item>sop://broker.sopcast.com:3912/116001</item></sop_address>
	</channel>

	<channel btype="0" id="116005" language="ro" type="0">
		<name cn="" en="">Etno TV</name>
		<status>2</status>
<region cn="" en="Romania">RO</region>
<class cn="" en="Music">11</class>
<user_count>1</user_count>
<sn>74842</sn>
<visit_count>1</visit_count>
<start_from>Mon, 27 Feb 2012 23:52:53 GMT</start_from>
<stream_type>wmv</stream_type><kbps /><qs>97</qs><qc>96</qc>
<schedule><sch_domain>port.ro</sch_domain><file_name>etno_tv</file_name><sch_channel_id>10037</sch_channel_id><sch_list_expire>5</sch_list_expire><sch_timezone>Europe/Bucharest</sch_timezone></schedule>
<description cn="" /><thumbnail>http://www.lyngsat-logo.com/hires/ee/etno_tv.png</thumbnail>
<sop_address><item>sop://broker.sopcast.com:3912/116005</item></sop_address>
	</channel>

<channel btype="0" id="136822" language="en" type="0"><name cn="" en="Hit Music">Hit Music</name><status>2</status><region cn="阿拉伯联合酋长国" en="United Arab Emirates">AE</region><class cn="音乐类" en="Music">11</class><user_count>2</user_count><sn>4122</sn><visit_count>1</visit_count><start_from>Sun 30 Dec 2012 02:33:43 GMT</start_from><stream_type /><kbps /><qs>90</qs><qc>90</qc><schedule><sch_domain /><file_name /><sch_channel_id /><sch_list_expire /><sch_timezone /></schedule><description /><thumbnail /><sop_address><item>sop://95.211.111.66:3912/136822</item></sop_address></channel></group>
<group cn="新闻类" description="Description:News Channels" en="News" id="6" type="1">News

	<channel btype="0" id="74843" language="ro" type="0">
		<name cn="" en="">Realitatea TV</name>
		<status>2</status>
<region cn="" en="Romania">RO</region>
<class cn="" en="News">6</class>
<user_count>1</user_count>
<sn>74842</sn>
<visit_count>1</visit_count>
<start_from>Mon, 27 Feb 2012 23:52:53 GMT</start_from>
<stream_type>mpeg-ts</stream_type><kbps /><qs>97</qs><qc>96</qc>
<schedule><sch_domain>port.ro</sch_domain><file_name>realitatea_tv</file_name><sch_channel_id>10019</sch_channel_id><sch_list_expire>5</sch_list_expire><sch_timezone>Europe/Bucharest</sch_timezone></schedule>
<description cn="" /><thumbnail>http://www.lyngsat-logo.com/hires/rr/realitatea_tv.png</thumbnail>
<sop_address><item>sop://broker.sopcast.com:3912/74843</item></sop_address>
	</channel>
	
	<channel btype="0" id="116374" language="ro" type="0">
		<name cn="" en="">Nasul TV</name>
		<status>2</status>
<region cn="" en="Romania">RO</region>
<class cn="" en="News">6</class>
<user_count>1</user_count>
<sn>74842</sn>
<visit_count>1</visit_count>
<start_from>Mon, 27 Feb 2012 23:52:53 GMT</start_from>
<stream_type>mpeg-ts</stream_type><kbps /><qs>97</qs><qc>96</qc>
<schedule><sch_domain>port.ro</sch_domain><file_name>nasul_tv</file_name><sch_channel_id>10256</sch_channel_id><sch_list_expire>5</sch_list_expire><sch_timezone>Europe/Bucharest</sch_timezone></schedule>
<description cn="" /><thumbnail>http://www.lyngsat-logo.com/hires/nn/nasul_tv.png</thumbnail>
<sop_address><item>sop://broker.sopcast.com:3912/116374</item></sop_address>
	</channel>

	<channel btype="0" id="74842" language="ro" type="0">
		<name cn="" en="">Antena 3</name>
		<status>2</status>
<region cn="" en="Romania">RO</region>
<class cn="" en="News">6</class>
<user_count>1</user_count>
<sn>74842</sn>
<visit_count>1</visit_count>
<start_from>Mon, 27 Feb 2012 23:52:53 GMT</start_from>
<stream_type>mpeg-ts</stream_type><kbps /><qs>97</qs><qc>96</qc>
<schedule><sch_domain>port.ro</sch_domain><file_name>antena_3</file_name><sch_channel_id>10055</sch_channel_id><sch_list_expire>5</sch_list_expire><sch_timezone>Europe/Bucharest</sch_timezone></schedule>
<description cn="" /><thumbnail>http://www.lyngsat-logo.com/hires/aa/antena3_ro.png</thumbnail>
<sop_address><item>sop://broker.sopcast.com:3912/74842</item></sop_address>
	</channel>

	<channel btype="0" id="111690" language="ro" type="0">
		<name cn="" en="Romania TV">Romania TV</name>
		<status>2</status>
<region cn="罗马尼亚" en="Romania">RO</region>
<class cn="新闻类" en="News">6</class>
<user_count>1</user_count>
<sn>4146</sn>
<visit_count>1</visit_count>
<start_from>Mon, 27 Feb 2012 23:52:53 GMT</start_from>
<stream_type>wmv</stream_type><kbps /><qs>97</qs><qc>96</qc>
<schedule><sch_domain>port.ro</sch_domain><file_name>romania_tv</file_name><sch_channel_id>10245</sch_channel_id><sch_list_expire>6</sch_list_expire><sch_timezone>Europe/Bucharest</sch_timezone></schedule>
<description cn="" /><thumbnail>http://www.lyngsat-logo.com/hires/rr/rtv_ro.png</thumbnail>
<sop_address><item>sop://broker.sopcast.com:3912/111690</item></sop_address>
	</channel>

	<channel btype="0" id="111947" language="ro" type="0">
		<name cn="" en="">Digi 24</name>
		<status>2</status>
<region cn="" en="Romania">RO</region>
<class cn="" en="News">6</class>
<user_count>1</user_count>
<sn>4146</sn>
<visit_count>1</visit_count>
<start_from>Mon, 27 Feb 2012 23:52:53 GMT</start_from>
<stream_type>wmv</stream_type><kbps /><qs>97</qs><qc>96</qc>
<schedule><sch_domain>port.ro</sch_domain><file_name>digi_24_hd</file_name><sch_channel_id>10251</sch_channel_id><sch_list_expire>5</sch_list_expire><sch_timezone>Europe/Bucharest</sch_timezone></schedule>
<description cn="" /><thumbnail>http://www.lyngsat-logo.com/hires/dd/digi_24_ro_hd.png</thumbnail>
<sop_address><item>sop://broker.sopcast.com:3912/111947</item></sop_address>
	</channel>

</group>
<group cn="教育类" description="Description:Education Channels" en="Education" id="8" type="1">Education

	<channel btype="0" id="74631" language="ro" type="0">
		<name cn="" en="">Digi Life</name>
		<status>2</status>
<region cn="" en="Romania">RO</region>
<class cn="" en="Education">8</class>
<user_count>1</user_count>
<sn>4146</sn>
<visit_count>1</visit_count>
<start_from>Mon, 27 Feb 2012 23:52:53 GMT</start_from>
<stream_type>mpeg-ts</stream_type><kbps /><qs>97</qs><qc>96</qc>
<schedule><sch_domain>port.ro</sch_domain><file_name>digi_life</file_name><sch_channel_id>10262</sch_channel_id><sch_list_expire>5</sch_list_expire><sch_timezone>Europe/Bucharest</sch_timezone></schedule>
<description cn="" /><thumbnail>http://www.lyngsat-logo.com/hires/dd/digi_life_ro.png</thumbnail>
<sop_address><item>sop://broker.sopcast.com:3912/74631</item></sop_address>
	</channel>

	<channel btype="0" id="74636" language="ro" type="0">
		<name cn="" en="">Discovery TravelLiving</name>
		<status>2</status>
<region cn="" en="Romania">RO</region>
<class cn="" en="Education">8</class>
<user_count>1</user_count>
<sn>4146</sn>
<visit_count>1</visit_count>
<start_from>Mon, 27 Feb 2012 23:52:53 GMT</start_from>
<stream_type>mpeg-ts</stream_type><kbps /><qs>97</qs><qc>96</qc>
<schedule><sch_domain>port.ro</sch_domain><file_name>discovery_travel_and_living</file_name><sch_channel_id>10045</sch_channel_id><sch_list_expire>5</sch_list_expire><sch_timezone>Europe/Bucharest</sch_timezone></schedule>
<description cn="" /><thumbnail>http://www.lyngsat-logo.com/hires/dd/discovery_travel_living.png</thumbnail>
<sop_address><item>sop://broker.sopcast.com:3912/74636</item></sop_address>
	</channel>
	<channel btype="0" id="74634" language="ro" type="0">
		<name cn="" en="">Euforia</name>
		<status>2</status>
<region cn="" en="Romania">RO</region>
<class cn="" en="Education">8</class>
<user_count>1</user_count>
<sn>4146</sn>
<visit_count>1</visit_count>
<start_from>Mon, 27 Feb 2012 23:52:53 GMT</start_from>
<stream_type>wmv</stream_type><kbps /><qs>97</qs><qc>96</qc>
<schedule><sch_domain>port.ro</sch_domain><file_name>euforia_lifestyle_tv</file_name><sch_channel_id>10063</sch_channel_id><sch_list_expire>5</sch_list_expire><sch_timezone>Europe/Bucharest</sch_timezone></schedule>
<description cn="" /><thumbnail>https://sites.google.com/site/tvonlineenet/home/Euforia-Lifestyle-TV-online-tv-live-tvonlinee-net-150x128.jpg</thumbnail>
<sop_address><item>sop://broker.sopcast.com:3912/74634</item></sop_address>
	</channel>


</group>
<group cn="滑稽" description="Description: Comic" en="Comic" id="12" type="0">Comic</group>
<group cn="娱乐类" description="Description: Entertainmnet" en="Entertainmnet" id="1" type="0">Entertainmnet</group>
<group cn="财经类" description="Description: Finance &amp; Economics" en="Finance &amp; Economics" id="7" type="0">Finance &amp; Economics</group>
<group cn="电视连续剧" description="Description: TV play series" en="TV play series" id="14" type="0">TV play series</group>
<group cn="其它" description="Description: Others" en="Others" id="99" type="0">Others
<channel btype="0" id="121098" language="ru" type="0"><name cn="" en="vladimir29_2">121098</name><status>2</status>
<region cn="俄罗斯" en="Russia">RU</region>
<class cn="其它" en="Others">99</class>
<user_count>7</user_count>
<sn>5151</sn>
<visit_count>881338</visit_count>
<start_from>Sat, 31 Mar 2012 19:05:07 GMT</start_from>
<stream_type>mpeg-ts</stream_type><kbps /><qs>100</qs><qc>96</qc>
<schedule><sch_domain>port.ro</sch_domain><file_name /><sch_channel_id /><sch_list_expire>5</sch_list_expire><sch_timezone>Europe/Bucharest</sch_timezone></schedule>
<sop_address><item>sop://broker.sopcast.com:3912/121098</item></sop_address>
<description cn="H264  channel">Description: rus
Schedule: rus
Type: h264
Email: no
Phone: no</description></channel>

<channel btype="0" id="124716" language="ru" type="0">
<name cn="" en="НТВ+ Спорт Плюс">НТВ+ Спорт Плюс</name>
<status>2</status>
<region cn="俄罗斯" en="Russia">RU</region>
<class cn="其它" en="Others">99</class>
<user_count>7</user_count>
<sn>5151</sn>
<visit_count>881338</visit_count>
<start_from>Sat, 31 Mar 2012 19:05:07 GMT</start_from>
<stream_type>mpeg-ts</stream_type><kbps>1600</kbps><qs>100</qs><qc>96</qc>
<schedule><sch_domain>port.ro</sch_domain><file_name /><sch_channel_id /><sch_list_expire>5</sch_list_expire><sch_timezone>Europe/Bucharest</sch_timezone></schedule>
<sop_address><item>sop://broker.sopcast.com:3912/124716</item></sop_address>
<description cn="H264  channel">Description: rus
Schedule: rus
Type: h264
Email: no
Phone: no</description></channel>

<channel btype="0" id="111481" language="ru" type="0">
<name cn="" en="НТВ+ Онлайн">НТВ+ Онлайн</name>
<status>2</status>
<region cn="俄罗斯" en="Russia">RU</region>
<class cn="其它" en="Others">99</class>
<user_count>7</user_count>
<sn>5151</sn>
<visit_count>881338</visit_count>
<start_from>Sat, 31 Mar 2012 19:05:07 GMT</start_from>
<stream_type>mpeg-ts</stream_type><kbps>1670</kbps><qs>100</qs><qc>96</qc>
<schedule><sch_domain>port.ro</sch_domain><file_name /><sch_channel_id /><sch_list_expire>5</sch_list_expire><sch_timezone>Europe/Bucharest</sch_timezone></schedule>
<sop_address><item>sop://broker.sopcast.com:3912/111481</item></sop_address>
<description cn="H264  channel">Description: rus
Schedule: rus
Type: h264
Email: no
Phone: no</description></channel>

<channel btype="0" id="79509" language="ru" type="0">
<name cn="" en="Спорт 1 HD">Спорт 1 HD</name>
<status>2</status>
<region cn="俄罗斯" en="Russia">RU</region>
<class cn="其它" en="Others">99</class>
<user_count>7</user_count>
<sn>5151</sn>
<visit_count>881338</visit_count>
<start_from>Sat, 31 Mar 2012 19:05:07 GMT</start_from>
<stream_type>mpeg-ts</stream_type><kbps>1680</kbps><qs>100</qs><qc>96</qc>
<schedule><sch_domain>port.ro</sch_domain><file_name /><sch_channel_id /><sch_list_expire>5</sch_list_expire><sch_timezone>Europe/Bucharest</sch_timezone></schedule>
<sop_address><item>sop://broker.sopcast.com:3912/79509</item></sop_address>
<description cn="H264  channel">Description: rus
Schedule: rus
Type: h264
Email: no
Phone: no</description></channel>

<channel btype="0" id="129555" language="ru" type="0">
<name cn="" en="Спорт 1 HD">Спорт 1 HD</name>
<status>2</status>
<region cn="俄罗斯" en="Russia">RU</region>
<class cn="其它" en="Others">99</class>
<user_count>7</user_count>
<sn>5151</sn>
<visit_count>881338</visit_count>
<start_from>Sat, 31 Mar 2012 19:05:07 GMT</start_from>
<stream_type>mpeg-ts</stream_type><kbps>4000</kbps><qs>100</qs><qc>96</qc>
<schedule><sch_domain>port.ro</sch_domain><file_name /><sch_channel_id /><sch_list_expire>5</sch_list_expire><sch_timezone>Europe/Bucharest</sch_timezone></schedule>
<sop_address><item>sop://broker.sopcast.com:3912/129555</item></sop_address>
<description cn="H264  channel">Description: rus
Schedule: rus
Type: h264
Email: no
Phone: no</description></channel>

<channel btype="0" id="112191" language="ru" type="0">
<name cn="" en="Спорт 1">Спорт 1</name>
<status>2</status>
<region cn="俄罗斯" en="Russia">RU</region>
<class cn="其它" en="Others">99</class>
<user_count>7</user_count>
<sn>5151</sn>
<visit_count>881338</visit_count>
<start_from>Sat, 31 Mar 2012 19:05:07 GMT</start_from>
<stream_type>mpeg-ts</stream_type><kbps>1650</kbps><qs>100</qs><qc>96</qc>
<schedule><sch_domain>port.ro</sch_domain><file_name /><sch_channel_id /><sch_list_expire>5</sch_list_expire><sch_timezone>Europe/Bucharest</sch_timezone></schedule>
<sop_address><item>sop://broker.sopcast.com:3912/112191</item></sop_address>
<description cn="H264  channel">Description: rus
Schedule: rus
Type: h264
Email: no
Phone: no</description></channel>

<channel btype="0" id="126767" language="ru" type="0">
<name cn="" en="Спорт 1 HD">Спорт 1 HD</name>
<status>2</status>
<region cn="俄罗斯" en="Russia">RU</region>
<class cn="其它" en="Others">99</class>
<user_count>7</user_count>
<sn>5151</sn>
<visit_count>881338</visit_count>
<start_from>Sat, 31 Mar 2012 19:05:07 GMT</start_from>
<stream_type>mpeg-ts</stream_type><kbps>2500</kbps><qs>100</qs><qc>96</qc>
<schedule><sch_domain>port.ro</sch_domain><file_name /><sch_channel_id /><sch_list_expire>5</sch_list_expire><sch_timezone>Europe/Bucharest</sch_timezone></schedule>
<sop_address><item>sop://broker.sopcast.com:3912/126767</item></sop_address>
<description cn="H264  channel">Description: rus
Schedule: rus
Type: h264
Email: no
Phone: no</description></channel>

<channel btype="0" id="130152" language="ru" type="0">
<name cn="" en="НТВ+ Наш Футбол">НТВ+ Наш Футбол</name>
<status>2</status>
<region cn="俄罗斯" en="Russia">RU</region>
<class cn="其它" en="Others">99</class>
<user_count>7</user_count>
<sn>5151</sn>
<visit_count>881338</visit_count>
<start_from>Sat, 31 Mar 2012 19:05:07 GMT</start_from>
<stream_type>mpeg-ts</stream_type><kbps>1500</kbps><qs>100</qs><qc>96</qc>
<schedule><sch_domain>port.ro</sch_domain><file_name /><sch_channel_id /><sch_list_expire>5</sch_list_expire><sch_timezone>Europe/Bucharest</sch_timezone></schedule>
<sop_address><item>sop://broker.sopcast.com:3912/130152</item></sop_address>
<description cn="H264  channel">Description: rus
Schedule: rus
Type: h264
Email: no
Phone: no</description></channel>

<channel btype="0" id="91871" language="ru" type="0">
<name cn="" en="НТВ+ Футбол HD">НТВ+ Футбол HD</name>
<status>2</status>
<region cn="俄罗斯" en="Russia">RU</region>
<class cn="其它" en="Others">99</class>
<user_count>7</user_count>
<sn>5151</sn>
<visit_count>881338</visit_count>
<start_from>Sat, 31 Mar 2012 19:05:07 GMT</start_from>
<stream_type>mpeg-ts</stream_type><kbps>1680</kbps><qs>100</qs><qc>96</qc>
<schedule><sch_domain>port.ro</sch_domain><file_name /><sch_channel_id /><sch_list_expire>5</sch_list_expire><sch_timezone>Europe/Bucharest</sch_timezone></schedule>
<sop_address><item>sop://broker.sopcast.com:3912/91871</item></sop_address>
<description cn="H264  channel">Description: rus
Schedule: rus
Type: h264
Email: no
Phone: no</description></channel>

<channel btype="0" id="125170" language="ru" type="0">
<name cn="" en="НТВ+ Футбол">НТВ+ Футбол</name>
<status>2</status>
<region cn="俄罗斯" en="Russia">RU</region>
<class cn="其它" en="Others">99</class>
<user_count>7</user_count>
<sn>5151</sn>
<visit_count>881338</visit_count>
<start_from>Sat, 31 Mar 2012 19:05:07 GMT</start_from>
<stream_type>mpeg-ts</stream_type><kbps>700</kbps><qs>100</qs><qc>96</qc>
<schedule><sch_domain>port.ro</sch_domain><file_name /><sch_channel_id /><sch_list_expire>5</sch_list_expire><sch_timezone>Europe/Bucharest</sch_timezone></schedule>
<sop_address><item>sop://broker.sopcast.com:3912/125170</item></sop_address>
<description cn="H264  channel">Description: rus
Schedule: rus
Type: h264
Email: no
Phone: no</description></channel>

<channel btype="0" id="116205" language="ru" type="0">
<name cn="" en="НТВ+ Футбол HD">НТВ+ Футбол HD</name>
<status>2</status>
<region cn="俄罗斯" en="Russia">RU</region>
<class cn="其它" en="Others">99</class>
<user_count>7</user_count>
<sn>5151</sn>
<visit_count>881338</visit_count>
<start_from>Sat, 31 Mar 2012 19:05:07 GMT</start_from>
<stream_type>mpeg-ts</stream_type><kbps>2000</kbps><qs>100</qs><qc>96</qc>
<schedule><sch_domain>port.ro</sch_domain><file_name /><sch_channel_id /><sch_list_expire>5</sch_list_expire><sch_timezone>Europe/Bucharest</sch_timezone></schedule>
<sop_address><item>sop://broker.sopcast.com:3912/116205</item></sop_address>
<description cn="H264  channel">Description: rus
Schedule: rus
Type: h264
Email: no
Phone: no</description></channel>
		<channel btype="0" id="129454" language="ru" type="0">
			<name cn="" en="[Channel-2] AviatorTV">
				[Channel-2] AviatorTV
			</name>
			<status>
				2
			</status>
			<region cn="俄罗斯" en="Russia">
				RU
			</region>
			<class cn="其它" en="Others">99</class>
			<user_count>
				5
			</user_count>
			<sn>
				4154
			</sn>
			<visit_count>
				0
			</visit_count>
			<start_from>
				Sat, 19 May 2012 04:40:45 GMT
			</start_from>
			<stream_type>
				mpeg-ts
			</stream_type>
			<kbps>
				1600
			</kbps>
			<qs>
				100
			</qs>
			<qc>
				95
			</qc>
			<sop_address>
				<item>
					sop://broker.sopcast.com:3912/129454
				</item>
			</sop_address>
			<description cn="">
				Schedule:
Type:
Email:
Phone:
			</description>
		</channel>
		<channel btype="0" id="130083" language="ru" type="0">
			<name cn="" en="[Channel-1] AviatorTV">
				vkontakte.ru/AviatorTV Информ-страница канала
			</name>
			<status>
				2
			</status>
			<region cn="俄罗斯" en="Russia">
				RU
			</region>
			<class cn="其它" en="Others">99</class>
			<user_count>
				20
			</user_count>
			<sn>
				4620
			</sn>
			<visit_count>
				0
			</visit_count>
			<start_from>
				Sat, 19 May 2012 11:13:02 GMT
			</start_from>
			<stream_type>
				mpeg-ts
			</stream_type>
			<kbps>
				1500
			</kbps>
			<qs>
				100
			</qs>
			<qc>
				94
			</qc>
			<sop_address>
				<item>
					sop://broker.sopcast.com:3912/130083
				</item>
			</sop_address>
			<description cn="">
				Description: Russian sports channels like Russia 2, Sport 1, Russia 1, 1st channel, NTV.
Schedule: vk.com/aviatortv
Email: ad@aleksandr.mobi  ICQ: 8080404
			</description>
		</channel>

<channel btype="0" id="122909" language="en" type="0">
<name cn="" en="Setanta CA">Sportsnet World</name>
<status>2</status>
<region cn="俄罗斯" en="Europe">EU</region>
<class cn="其它" en="Others">99</class>
<user_count>7</user_count>
<sn>5151</sn>
<visit_count>881338</visit_count>
<start_from>Sat, 31 Mar 2012 19:05:07 GMT</start_from>
<stream_type>wmv</stream_type><kbps /><qs>100</qs><qc>96</qc>
<schedule><sch_domain>port.ro</sch_domain><file_name /><sch_channel_id /><sch_list_expire>5</sch_list_expire><sch_timezone>Europe/Bucharest</sch_timezone></schedule>
<sop_address><item>sop://broker.sopcast.com:3912/122909</item></sop_address>
<description cn="H264  channel">Description: 
Schedule: 
Type: 
Email: no
Phone: no</description></channel>
		<channel btype="0" id="130168" language="es" type="0">
			<name cn="" en="Sport C 1 HD">
				Sport C1 HD
			</name>
			<status>
				2
			</status>
			<region cn="阿拉伯联合酋长国" en="United Arab Emirates">
				AE
			</region>
			<class cn="其它" en="Others">99</class>
			<user_count>
				23
			</user_count>
			<sn>
				4751
			</sn>
			<visit_count>
				0
			</visit_count>
			<start_from>
				Sat, 19 May 2012 06:09:29 GMT
			</start_from>
			<stream_type>
				mpeg-ts
			</stream_type>
			<kbps>
				2000
			</kbps>
			<qs>
				100
			</qs>
			<qc>
				57
			</qc>
			<sop_address>
				<item>
					sop://broker.sopcast.com:3912/130168
				</item>
			</sop_address>
			<description cn="">
				Description:
Schedule:
Type:
Email:
Phone:
			</description>
		</channel>
</group>
</channels>